nombre,idobjeto,idunidad,idProcesoCompra,idCubs
ALETAS (EQUIPO BUCEO),35800,4,1,10101501
CESTAS PLÁSTICAS,35800,4,1,10101501
CHALECO (EQUIPO BUCEO),39800,4,1,10101501
CINTA DE PRECAUCION,35800,39,1,10101501
CISTERNA,35800,4,1,10101501
CUCHARAS DESECHABLES,39400,33,24,10101501
FRASCOS DE PLASTICO,35800,4,1,10101501
GUANTES,35800,34,1,10101501
LAVADERO,35800,4,1,10101501
RECIPIENTE PARA ALMACENAR LÍQUIDOS,35800,4,1,10101501
VISOR (EQUIPO BUCEO),35800,4,1,10101501
ABONO ORGANICO,35300,19,1,10101501
ACEITE,35650,9,1,10101501
BALDES PLÁSTICO,35800,4,1,10101501
BARRA PARA MAGNETOS E POLIETILENO,35800,4,1,10101501
BEBCENO,35251,29,1,10101501
BENEDICT,35251,29,1,10101501
BOLSAS ESTERILES,35800,24,1,10101501
BOLSAS PARA BASURA,35800,33,1,10101501
BOMBA PARA FUMIGAR,35800,4,1,10101501
CANASTILLAS DE COSECHAS,35800,4,1,10101501
COLORACIÓN PANÓCTICO,35251,40,1,10101501
COLORIMÉTRICO,35251,4,1,10101501
DELTAMETRINA,35400,32,1,10101501
DIESEL,35620,32,1,10101501
DIODOS LED,39600,4,1,10101501
GAS LPG,35640,11,1,10101501
GASOLINA,35610,32,1,10101501
JABÓN EN BARRA,39100,4,1,10101501
JABÓN LIQUIDO,39100,9,1,10101501
PINTURA,35500,17,1,10101501
RESISTENCIAS CON 30 VALORES,39600,4,1,10101501
SUERO PARA TIPIAJE SANGUÍNEO,35251,29,1,10101501
SULFATO DE COBRE,35251,29,1,10101501
THINNER LACA (DILUYENTES PARA PINTURA Y BARNICES),35500,9,69,31211803
VENENO,35400,11,1,10101501
ABRAZADERAS METALICA,36930,4,1,10101501
ABRAZADERAS PLASTICAS GRANDES,35800,33,92,10101501
ACCESS POINT,42510,4,1,10101501
ACEITE DE INMERSIÓN PARA MICROSCOPIO,39520,29,1,10101501
ACETALDEHIDO,35100,29,1,10101501
ACETAMINOFEN,35210,24,1,10101501
ACETATO DE CALCIO,35100,29,1,10101501
ACETATO DE SODIO,35100,29,1,10101501
ACETONA PURA,35100,9,1,10101501
ACIDO ASCORBICO,35100,29,1,10101501
ACIDO CLORHIDRICO,35100,9,1,10101501
ÁCIDO ETILENDIAMINOTETRAACÉTICO EDTA EN POLVO HIMEDIA,35100,29,1,10101501
ACIDO FOSFORICO,35100,9,1,10101501
"ÁCIDO FOSFÓRICO, H3PO4",35100,32,1,10101501
ACIDO SULFURIC,35100,9,1,10101501
ÁCIDO SULFÚRICO H2SO4,35100,32,1,10101501
ADAPTADOR DE DESTILACIÓN,39520,4,1,10101501
ADAPTADOR DE PVC,35800,4,1,10101501
ADAPTADORES DE RED WIFI POR MEDIO DE USB,39600,4,108,10101501
ADAPTADORES DE TARJETA DE RED RJ45 A USB,39600,4,107,10101501
ADAPTADORES DE VGA A HDMI,39600,4,106,10101501
ADHESIVO PARA CONTROL DE PLAGAS,35100,4,181,31201601
AGAR,35251,29,1,10101501
AGITADOR,39520,4,1,10101501
AGUA DESTILADA,35100,9,1,10101501
AGUA DESTILADA,35100,9,1,10101501
AGUA EN BOLSA,31110,4,4,10101501
AGUA EN BOTELLA,31110,4,1,10101501
AGUA EN GARRAFON,31110,4,4,10101501
AGUA OXIGENADA,35251,29,1,10101501
AGUA PEPTONADA,35251,29,1,10101501
AIRE ACONDICIONADO,42120,4,1,10101501
AIRE COMPRIMIDO,35100,23,1,10101501
ALAMBRE GALVANIZADO PARA CIELO FALSO,36100,4,58,10101501
ALARGADERA PARA DESTILACIÓN,39520,4,1,10101501
ALARMA PAR EQUIPO ELECTRICO,42510,4,1,10101501
ALCOHOL ATOMIZADORES,35100,4,1,10101501
ALCOHOL ETÍLICO,35100,9,1,10101501
ALCOHOL METILÍCO,35100,9,1,10101501
ALERGIL,35210,24,1,10101501
ALGODÓN,35210,39,1,10101501
ALMOHADILLA,39200,4,1,10101501
ALMUERZO,29100,4,63,10101501
ALQUILER COMPUTADORA DE ESCRITORIO,22250,4,38,10101501
ALQUILER DE COMPUTADORA DE ESCRITORIO,22250,4,38,10101501
ALQUILER DE EQUIPO DE COMPUTADORA PORTATIL,22250,42,1,10101501
ALQUILER DE EQUIPO DE IMPRESION Y FOTOCOPIADO,22250,4,85,10101501
ALQUILER DE MESAS RECTANGULARES,22900,4,1,10101501
ALQUILER DE MOBILIARIO Y MANTELERIA,22900,4,1,10101501
ALQUILER DE PROYECTOR,22270,42,38,10101501
ALQUILER DE SALON PARA EVENTOS,22900,4,99,10101501
ALQUILER DE SALÓN PARA EVENTOS GRADUACION,22900,7,1,10101501
ALQUILER DE SONIDO,22270,30,1,10101501
AMONIO CUATERNARIO,35100,9,1,10101501
"ANARANJADO DE METILO, C14H14N3NAO3S",35100,29,1,10101501
ANGULO DE HG,36100,10,164,10101501
ANGULO DE METAL,36100,4,130,10101501
ANGULO PARA CIELO FALSO,36100,4,124,10101501
ANHIDRIDO ACÉTICO,35100,29,1,10101501
ARCHIVADORES DE CARTON T/C,33100,4,1,10101501
ARCHIVADORES DE CARTON T/O,33100,4,1,10101501
"ARCHIVERO LATERAL TIPO ROBOT 3
GAVETAS OFICIO BLANCO",42110,4,64,10101501
ARCHIVO METALICO DE GAVETAS,42110,4,1,10101501
ARENA,37800,14,13,10101501
ARMARIO METALICO CON PUERTA ABATIBLE,42110,4,1,10101501
ARPA ELECTRICA,42720,4,1,10101501
ASAS BACTERIOLOGICAS,39520,4,1,10101501
ASPIRADORAS,42140,4,118,10101501
ASTA PARA BANDERA,31500,13,1,10101501
ATARRALLA,32200,4,1,10101501
AUDIFONOS CON MICROFONOS,39600,4,1,10101501
AUTENTICA,33700,4,144,10101501
AUTOCLAVE,42430,4,1,10101501
AUTOMOVIL,42310,4,1,10101501
AZUCAR,31110,21,1,10101501
AZUL DE LACTOFENOL,35251,29,1,10101501
BACKPANEL,33300,4,1,10101501
BAJO,42720,4,1,10101501
BAJO ELECTRICO,42720,4,1,10101501
BALANZA DE PRECISION,42430,4,1,10101501
BALON,39800,4,1,10101501
BALÓN AFORADO DE VIDRIO,39520,4,1,10101501
BALONES DE FOOTBALL,39800,4,1,10101501
BANCA PARA EXTERIORES,42130,4,64,10101501
BANDEJA ALTA ANTIADHERENTE,39400,4,1,10101501
BANDEJA ORGANIZADORA PARA ESCRITORIO,39600,4,3,10101501
BANDEJA PORTA PAPELES,39200,4,1,10101501
BANDERA,32200,4,1,10101501
BANNER,33300,4,1,10101501
BARRA DE SILICON,39200,4,1,10101501
BARRA EXAGONAL PUNTA PALA,36400,4,1,10101501
BARRAS/GUSANOS DE FLOTACION,39800,4,1,10101501
BASCULA,42430,4,1,10101501
BASE CON VARILLA UNIVERSAL,39520,4,1,10101501
"BASE DE MEDIDOR DE 4 TERMINALES, 100 AMPERIOS",39300,4,57,10101501
BASE PARA CONO SUAVE,31110,4,1,10101501
BASE PARA TIRO PARA VEHICULO,39600,4,174,20102307
BASURERO,39100,4,1,10101501
BATERÍA,39300,34,1,10101501
BATERIA (UPS),42120,4,64,10101501
Batería de litio para cámara EOS Canon 80D,39600,4,5,10101501
BATERÍA DE RESPALDO COMPUTADORAS PORTÁTILES,39600,4,1,10101501
BATERIA PARA COMPUTADORA,39600,4,109,10101501
BATERIA PARA MOTOR DE LANCHA (100 AMP),39600,4,174,26111703
BATERIA PARA TERMONEBULIZADORA,39600,4,174,10101501
BATERIAS PARA VEHICULOS,39600,4,174,26111703
BATIDORA,42140,4,118,10101501
BEAKER,39520,4,1,10101501
BECAS NACIONALES,51211,42,1,10101501
BENZALDEHÍDO,35251,29,1,10101501
BETADER,35210,24,1,10101501
BIBLIOGRAFIAS / LIBROS,43100,4,1,10101501
BICARBONATO DE SODIO,35251,29,1,10101501
BITSCOPE MICRO. ANALIZADOR LÓGICO.,42900,4,1,10101501
BIURET,35251,29,1,10101501
BLOQUE DE CONCRETO,37100,4,1,10101501
BOLETO AEREO,26120,4,1,10101501
BOLSA CON PLOMO PARA BUCEO,39800,4,82,10101501
BOLSAS CON TAPA PE,35800,4,1,10101501
BOLSAS PARA ESTERILIZACION,39530,24,1,10101501
BOLSAS PARA VIVERO,35800,4,1,10101501
BOLSAS TRANSPARENTES PARA ARCHIVAR,35800,33,1,10101501
BOLSO PLÁSTICO,33300,4,1,10101501
BOMBA PARA PIPETA,39520,4,88,10101501
BOMBA PARA PUERTA,39600,4,165,10101501
BOMBA SUMERGIBLE,42800,4,1,10101501
Bono de vacaciones,11600,4,3,10101501
BORRADOR PARA PIZARRA,39200,4,1,10101501
BOTAS DE HULE,32400,34,1,10101501
BOTELLAS PARA DBO,39520,5,1,10101501
BOWL DE ACERO INOXIDABLE,39400,4,1,10101501
BREAKER,39300,4,1,10101501
BROCAS,36400,4,178,10101501
BROCHA,36930,4,1,10101501
BROCHE METALICO PARA ARCHIVO,39200,24,1,10101501
BROCHURE,33300,4,71,10101501
BUFFER PH,35100,32,1,10101501
BULBO O PERA DE SUCCIÓN PARA PIPETA,39520,4,1,10101501
BURETAS,39520,4,1,10101501
BUTIROMETRO,39520,4,37,10101501
CABALLETES DE MADERA PARA ARTE,31500,4,128,10101501
CABLE DE ACOMETIDA,39300,15,1,10101501
CABLE DE RED,39300,4,1,10101501
CABLE ELECTRICO,39300,24,1,10101501
CABLE ELECTRICO,39300,15,1,26121634
CABLE HDMI,39600,4,6,10101501
CABLE PARA CONEXIÓN ELÉCTRICA,39300,39,1,10101501
CABLES PARA MICROFONO,39600,4,1,10101501
CAFE,31110,21,1,10101501
CAFETERA,42140,4,1,10101501
CAJA DE LUZ PARA FOTOS,39600,4,5,10101501
CAJA PLASTICA (PARA ALMACENAR),35800,4,180,10101501
CAJAS METALICAS,39300,4,1,10101501
CAJON DE PERCUSION ( PARA MUSICA),42720,4,123,10101501
CALCIO LÍQUIDO,35100,9,1,10101501
CALCULADORA,39200,4,1,10101501
CALDO,35251,29,1,10101501
CAMARA DE NEUBAUER,39520,4,1,10101501
CAMARA DE SEGURIDAD,42510,4,104,10101501
CAMARA FOTOGRAFICA,42510,4,125,10101501
CAMARA MARINA,42510,4,125,10101501
CAMARAS DE AIRE,34400,4,1,10101501
CAMISAS DE PVC,35800,4,1,10101501
CAMISAS TIPO POLO,32310,4,1,10101501
CAMISETA,32310,4,1,10101501
CANALETAS,36100,4,124,30151703
CAÑAMO,32100,39,1,10101501
Canastas (jabas para industria alimentaria),35800,4,4,10101501
CANDADOS,36930,4,1,10101501
CAPACITORES CERÁMICOS,39600,4,1,10101501
CAPACITORES ELECTROLITICOS,39600,4,1,10101501
CAPSULA DE PORCELANA,39520,4,1,10101501
CARBONATO DE MAGNESIO,35100,29,1,10101501
CARBONATO DE SODIO,35100,29,1,10101501
CARPA,39800,4,89,10101501
CARPETAS PLASTICAS T/C,39200,4,3,10101501
CARTUCHO CONTRA OLORES,39100,4,150,10101501
CASCO DIELECTRICO,36400,4,1,10101501
CASILLERO (LOCKER),42110,4,64,10101501
Catorceavo mes,11100,4,3,10101501
CEMENTO GRIS,37100,21,1,10101501
CENTRIFUGADORA,42430,4,1,10101501
CENTRO DE CARGA,39300,4,1,10101501
CEPILLO CON BASTON DE MADERA,39100,4,1,10101501
CEPILLO DE ALAMBRE,36400,4,178,27111907
CEPILLO DE COPA,36400,4,178,27111907
CEPILLO PARA LAVAR SANITARIO,39100,4,1,10101501
CEPILLOS PARA LAVAR OBJETOS,39520,4,1,10101501
CERAMICA,37100,4,182,10101501
CHALECO DE SEGURIDAD,32310,4,21,10101501
CHALECOS SALVA VIDAS,32310,4,21,10101501
CICLOHEXANONA,35251,29,1,10101501
CILINDRO DE GAS LPG,36100,4,1,10101501
CILINDRO PARA EXTINTORES,36100,4,1,10101501
CINTA AISLANTE,39300,39,1,10101501
CINTA PEGA DOBLE,33100,39,1,10101501
CINTA PESCANTE,36400,4,178,10101501
CINTAS DE PAPEL PH,35100,24,1,10101501
CISTOS/HUEVOS DE ARTEMIA,35100,3,1,10101501
CITRATO DE SODIO DIHIDRATADO,35100,29,1,10101501
CLAVOS DE ACERO,36930,4,1,10101501
CLAVOS DE HIERRO PARA MADERA,36930,4,58,10101501
CLIP BILLETERO,39200,4,1,10101501
CLIPS METÁLICOS 33MM CAJA 100 UNS,39200,24,3,10101501
CLIPS METÁLICOS 50 MM CAJA 100 UNS,39200,24,3,10101501
CLIPS METÁLICOS 50 MM CAJA 100 UNS,39200,24,3,10101501
CLORO,39100,26,1,10101501
CLOROFORMO,35100,29,1,10101501
CLORURO DE AMONIO,35100,29,1,10101501
CLORURO DE CALCIO,35210,9,179,10101501
CLORURO DE HIERRO III,35100,29,1,10101501
CLORURO DE SODIO,35100,29,1,10101501
CLORURO FERRICO,35100,29,1,10101501
CODOS DE PVC,35800,4,1,10101501
COFIAS PARA EL CABELLO,39530,24,1,10101501
COLADORES DE ACERO INOXIDABLE,39400,4,1,10101501
COMISIONES COMPRAS DE DIVISAS,25500,4,147,10101501
COMISIONES POR TRANSFERENCIAS INTERNACIONALES,25500,4,148,10101501
COMPONENTES IOT PARA CONTROL Y AUTOMATIZACIÓN,39600,4,1,10101501
COMPRESOR DE AIRE,42800,4,95,10101501
COMPUERTA LÓGICA AND SN74HC08N,39600,4,1,10101501
COMPUERTA LÓGICA NOR TEXAS CD4001,39600,4,1,10101501
COMPUERTA LÓGICA NOT INVERSORA,39600,4,1,10101501
COMPUERTA LÓGICA OR 74HC32N,39600,4,1,10101501
COMPUTADORA,42600,4,1,10101501
CONECTOR DE COMPRESION,39300,4,1,10101501
CONECTORES RJ45,39600,4,110,10101501
CONFECCION DE MANTEL DE TELA,32200,4,1,10101501
CONFITES,31110,21,122,10101501
CONGA,42720,4,1,10101501
CONO DE SEDIMENTACIÓN,39520,4,1,10101501
CONOS BARQUILLO,31110,33,1,10101501
CONOS DE ENTRENAMIENTO,39800,4,1,10101501
CONSOLA DE AUDIO,42510,4,125,10101501
CONSULTOR INTERNACIONAL CERTIFICACIÓN DE COMPETENCIAS,24720,4,1,10101501
CONSULTOR NACIONAL,24720,4,146,10101501
CONTRABAJO ELECTRICO,42720,4,1,10101501
CONTROL REMOTO INTELIGENTE WIFI CONEXION INFRAROJO UNIVERSAL,39600,4,103,10101501
CONTRUCCION DE EDIFICIOS Y LOCALES,41110,13,1,10101501
CONTRUCCION DE ESPACIOS USOS MULTIPLES,47110,4,151,10101501
CORDON PARA GAFETE,39200,4,3,10101501
CORTADORES/MOLDES DE GALLETAS,39400,40,1,10101501
CORTINAS,32200,40,1,10101501
CORTINERO,39600,4,174,10101501
CROMATO DE POTASIO,35100,29,1,10101501
CROMATOGRAFO,42430,4,1,10101501
CRONOMETRO DIGITAL CON PRECISION,39520,4,88,10101501
CUADERNO UNICO,39200,4,3,10101501
CUAJO LÍQUIDO,35210,9,1,10101501
CUARTO FRIO INDUSTRIAL,42220,4,86,10101501
CUBO DE IMPACTO,39600,4,174,10101501
CUBRE CÁMARAS,39520,4,1,10101501
CUBRE OBJETOS,39520,24,1,10101501
CUCHARA DESPACHADORA,39400,4,1,10101501
CUCHARAS DE ACERO INOXIDABLE,39400,4,1,10101501
CUCHARONES DE ACERO INOXIDABLE,39400,4,1,10101501
CUCHILLOS DE ACERO INOXIDABLE,39400,4,1,10101501
CUERDA PARA GUITARRA,39600,4,135,10101501
CULTIVO LACTICO MESOFILO,35100,4,37,10101501
CULTIVO LACTICO TERMOFILO,35100,4,37,10101501
CURITAS,39530,24,1,10101501
DE1-SOC. TARJETA DE DESARROLLO,39600,4,6,10101501
DE10-LITE. TARJETA DE DESARROLLO,39600,4,6,10101501
DEMO STAND PORTATIL,33300,4,71,10101501
DENITROFENILHIDRAZINA,35251,29,1,10101501
DENSIMETRO,39520,4,37,10101501
DESCREMADORA,42230,4,170,10101501
DESECADOR PARA LABORATORIO,39520,4,1,10101501
DESINFECTANTE AMBIENTAL,39100,9,28,10101501
DESINFECTANTE DE MANOS,35100,9,1,10101501
DESINFECTANTE EN AEROSOL,35100,23,1,10101501
DESINFECTANTE PARA PISO,39100,9,1,10101501
DESPULPADORA,42220,4,1,10101501
DESTORNILLADOR,36400,4,1,10101501
DESVASTADOR DE PERFILES,42260,4,1,10101501
DETECTOR DE BILLETES FALSOS,42120,4,1,10101501
DETERGENTE,39100,21,1,10101501
DICLORIDRATO DE NAFITILETILEDIAMINA,35100,29,1,10101501
DICROMATO DE POTASIO,35100,29,1,10101501
DILUYENTE,35500,9,69,10101501
DINITROFENILHIDRAZINA,35251,29,1,10101501
DIODOS ZENER,39600,4,1,10101501
DISCO ABRASIVO CORTE METAL,36930,4,162,27112838
DISCO EXTERNO,42600,4,1,10101501
DISCO SECCHI,39520,4,88,10101501
DISCOS DE ENTRENAMIENTO,39800,4,1,10101501
DISCOS DE ESTADO SÓLIDO,39600,4,6,10101501
DISCOS DE SENCIBILIDAD ANTIBIOGRAMA,35251,29,1,10101501
DISCOS DE SENCIBILIDAD PARA ANTIBIOGRAMAS,35251,4,1,10101501
DISCOS DUROS,39600,4,6,10101501
DISPENSADOR DE BEBIDAS (DE VIDRIO),39400,4,121,10101501
DISPENSADOR DE PAPEL,35800,4,1,10101501
DISPENSADOR DE TAPE,39200,4,1,10101501
DISPENSADOR PARA FRASCOS DE REACTIVOS,39520,4,1,10101501
DOSIFICADORA / ENVASADORA DE LIQUIDOS VISCOSOS,42230,4,170,10101501
ELECTRODO,36100,4,160,10101501
EMBUDO DE VIDRIO,39520,4,1,10101501
Empleado administrativo permanente,11100,4,3,10101501
ENCENDEDORES,39600,4,1,10101501
ENCOMIENDA,25900,4,139,10101501
ENVASADORA DE LECHE,42220,4,170,10101501
ENVASADORA DE LIQUIDOS,42230,4,1,10101501
ENVASES PE JUGO-LECHE,35800,4,1,10101501
ENVOLTURA PLASTICA,35800,39,1,10101501
EOSINA AZUL DE METILENO MEDIO DE CULTIVO,35100,29,1,10101501
EQUIPO PARA LABORATORIO BIOQUIMICO,42430,4,1,10101501
ERLENMEYER,39520,4,1,10101501
ESCALERA,36400,4,1,10101501
ESCALERA DE ENTRENAMIENTO,39800,4,1,10101501
ESCOBA,39100,4,1,10101501
ESCOBILLON,39100,4,1,10101501
ESCRITORIO PARA OFICINA,42110,4,1,10101501
ESCURRIDOR DE PISO,39100,4,1,10101501
ESOMEPRAZOL,35210,24,1,10101501
ESPARADRAPO,39530,24,1,10101501
ESPATULA,36400,4,178,27111909
ESPATULA DE CEMENTO,39550,4,1,10101501
ESPATULA DE LABORATORIO,39520,4,1,10101501
ESPATULA PARA RESINA,39550,4,1,10101501
ESPEJO,39550,4,1,10101501
ESPEJO DE PARED,37200,4,127,10101501
ESTABILIZADOR DE TENSION,42900,4,30,10101501
ESTACION METEREOLOGICA,42430,4,90,10101501
ESTACION TOTAL ROBOTICA CON RTK,42430,4,90,10101501
ESTÁNDAR PROTEÍNA ALBÚMINA DE SUERO BOVINO (BSA),35100,29,1,10101501
ESTANTE MÓVIL PARA LIBROS (CARRO DE BIBLIOTECA),42110,4,64,24112007
ESTANTE PARA EXHIBICIÓN DE LIBROS,42110,4,64,24112007
ESTANTE PARA EXHIBICIÓN DE LIBROS,42110,4,64,24112007
ESTANTES AEREOS,42110,4,1,10101501
ESTERILIZADORES,42430,4,1,10101501
ESTICKER,33300,4,1,10101501
ESTUCHE DE MAQUILLAJE,35930,4,1,10101501
ESTUFA,42140,4,1,10101501
ESTUFA CON AGITACION,42430,4,1,10101501
ESTUFA INDUSTRIAL,42140,4,118,10101501
ETANOL,35251,4,1,10101501
ETANOL DESNATURALIZADO,35100,9,1,10101501
ETER DE PETROLEO,35100,29,1,10101501
EXTENSION DE MECHAS DE AUDIO,39600,15,113,10101501
EXTRACCION DE DESECHOS SOLIDOS,23500,14,31,10101501
EXTRUSORA PARA PALLETS,42220,4,1,10101501
EXTRUSORA PARA PELET,42200,4,86,10101501
EYECTORES DE SALIVA,39550,33,1,10101501
FASTENERS METÁLICOS 8MM CAJA DE 50 UNS,39200,24,3,10101501
FELPA,36930,4,1,10101501
FENOL,35100,29,1,10101501
FERROCIANURO DE POTASIO TRI-HIDRATADO,35100,29,1,10101501
FILTRO DE GASOLINA,39600,4,174,10101501
FILTRO FIBRA DE VIDRIO,39520,4,1,10101501
FILTRO PARA SEDIMENTOS,39600,4,1,10101501
FLETE,25100,4,1,10101501
FLORERO DE PLÁSTICO,35800,4,172,10101501
FLUXOMETRO PARA INODORO,39600,4,1,10101501
FOAMY,33100,37,1,10101501
FOLDER MANILA T/C,33100,18,1,10101501
FOLDER MANILA T/O,33100,18,1,10101501
FORMALDEHÍDO,35251,29,1,10101501
FOSFATO DE POTASIO MONOBÁSICO ANHÍDRIDO,35100,29,1,10101501
FOTOCOPIAS,25300,4,1,10101501
FRASCO DE VIDRIO,39520,4,37,10101501
FRASCOS DE LAVADO,39520,4,1,10101501
FRASCOS DE VIDRIO AMBAR,39520,4,1,10101501
FUCSINA BÁSICA (CLORHIDRATO DE PARAROSANILINA),35100,29,1,10101501
FUENTES DE ALIMENTACIÓN,39300,4,1,10101501
GABACHAS,32310,4,1,10101501
GABINETE DE METAL (2 ENTREPANOS BLANCO),42110,4,64,10101501
GABINETE DE RACK,42110,4,112,10101501
GALLETAS,31110,4,1,10101501
GASAS ESTERILES,39530,24,1,10101501
GASTOS DE ESTADIAS,25900,4,149,10101501
GASTOS FINANCIEROS,25500,4,169,10101501
GEL DE MANOS,35100,23,1,10101501
GIEMSA,35251,29,1,10101501
GLOBOS,35800,4,1,10101501
GORRA,32310,4,117,10101501
GOTEROS,39520,4,1,10101501
GRABADORES DE VIDEOVIGILANCIA,42500,4,105,10101501
GRADILLA PARA TUBOS DE ENSAYO,39520,4,1,10101501
GRAPADORA,39200,4,1,10101501
GRAPAS,39200,24,1,10101501
GRAVA,37800,14,154,10101501
GRIFOS PARA LAVAMANOS,36930,4,1,10101501
GRIFOS PARA LAVATRASTOS,36930,4,1,10101501
GUANTES DE ACERO,36100,34,1,10101501
GUANTES DE CUERO,34100,34,1,10101501
GUANTES DE LATEX,39510,24,1,10101501
"GUANTES DESECHABLES DE POLIETILENO, USO ALIMENTARIO",35800,24,94,10101501
GUANTES DIELECTRICOS,34100,34,1,10101501
GUANTES PARA BUCEO,39800,34,35,10101501
GUITARRA,42720,4,1,10101501
GUITARRA 3 PUENTES,42720,4,1,10101501
GUITARRA ELECTRICA,42720,4,1,10101501
GUITARRA ELECTROACUSTICA,42720,4,1,10101501
HARINA DE CABEZA DE CAMARON,31200,16,1,10101501
HARINA DE TRIGO,31200,16,1,10101501
HEPTAMOLIBDATO DE AMONIOTETRAHIDRATADO,35100,29,1,10101501
HEXAMETILENOTETRAMINA,35100,29,1,10101501
HEXANO,35100,29,1,10101501
HIDRO LAVADORA DE PRESION ELECTRICA,42800,4,95,10101501
HIDRÓXIDO DE AMONIO,35100,29,1,10101501
HIDROXIDO DE POTASIO,35100,29,1,10101501
HIDROXIDO DE SODIO,35100,29,1,10101501
HILO PARA MOTOGUADAÑA,32100,39,177,31151504
HIPOCLORITO DE SODIO,35100,29,1,10101501
HISOPOS ESTÉRILES,35210,24,1,10101501
HOJA DE BISTURI,39520,24,1,10101501
HORNO LAB,42430,4,1,10101501
HUMIFICADOR,42140,4,118,10101501
IBUPROFENO,35210,24,1,10101501
IMPRESORA,42600,4,1,10101501
IMPUESTO SOBRE VENTA 15%,27114,4,141,10101501
INDICADOR ANARANJADO DE METILO,35100,29,1,10101501
INDICADOR FENOLFTALEINA,35100,29,1,10101501
INDICADOR VERDE DE BROMO CRESOL,35100,29,1,10101501
INFOGRAFIA,33300,4,71,10101501
INSCRIPCION CONGRESOS INTERNACIONALES,24500,4,1,10101501
INSTALACIÓN DE AIRE ACONDICIONADO (ELÉCTRICA Y MECÁNICA),23360,4,22,10101501
INSTALACION DE EQUIPO TECNOLOGICO,23390,4,102,10101501
INTERRUPTORES,39300,4,1,10101501
IODO POVIDONE,35210,29,1,10101501
JABÓN LIBRE DE FOSFORO,35930,4,1,10101501
JABON PARA LAVAPLATOS,39100,4,28,10101501
JERINGA,39530,24,37,10101501
JERINGAS O AGUJAS O JERINGAS CON AGUJAS DE USO ODONTOLOGICO,39550,4,59,10101501
JUEGO DE BROCAS,36930,4,58,10101501
JUEGO DE DIODOS RECTIFICADORES,39600,4,1,10101501
JUEGO DE MESA AJEDREZ,39800,4,1,10101501
JUEGO DE PUNTAS PARA DESTORNILLADOR,36930,4,58,27112830
JUEGOS DE MESA EDUCATIVOS,39800,4,136,10101501
JUMPERS CONEXIÓN DUNPONT HH-MM- MH 40,39600,4,1,10101501
KIT DE ACCESORIOS PARA JERINGAS DE USO ODONTOLOGICO,39550,4,59,10101501
KIT DE DISECCION QUIRÚRGICO,39510,24,1,10101501
KIT DE SISTEMA DINAMICO/LEYES DE NEWTON,42710,40,90,10101501
KIT DESARMADOR DE PRECISION,36400,40,100,10101501
LADRILLO,37100,4,155,10101501
LAGUNA DE OXIDACION,47110,4,1,10101501
LAMINA DE VIDRIO,37200,4,140,10101501
LAMINA TAMAÑO CARTA (PARA LAMINAR),39200,33,3,10101501
LAMINA TRAGALUZ DE TECHO,35800,15,134,10101501
LAMPARA DATA SHOW,39300,4,1,10101501
LAMPARA LED DE ESCRITORIO,39300,4,114,10101501
LAMPARA UV PARA BILLETES,39300,4,1,10101501
LÁMPARAS,39300,4,1,10101501
LANCETA PARA TIPIAJE SANGUINEO,39510,24,37,10101501
LÁPIZ CARBÓN,39200,8,1,10101501
LÁPIZ CORRECTOR,39200,4,1,10101501
LÁPIZ TINTA,39200,24,1,10101501
LÁPIZ TINTA CON LOGOTIPO,33300,4,1,10101501
LAVAMANOS,37100,4,1,10101501
Lente para camara fotografica,39600,4,5,10101501
LENTES,35800,4,1,10101501
LIBROS Y REVISTAS,43100,4,1,10101501
licencia de Adobe Creative Suite,24600,4,39,10101501
LICENCIAS DE ANTIVIRUS,24600,4,1,10101501
LICENCIAS DE DISEÑO GRAFICO,24600,4,39,10101501
Licencias de Inteligencia Artificial,24600,4,39,10101501
LICENCIAS DE OFFICE,24600,4,1,10101501
"Licencias de Programa de Transmisiones en Vivo y creación multimedia,",24600,4,39,10101501
LICENCIAS DE SOFTWARE IA,24600,4,39,10101501
LICUADORA INDUSTRIAL,42230,4,170,10101501
LIJA MANUAL,36400,4,178,27111918
LIJAS,36930,37,1,10101501
LIJAS PARA LIJADORA ELÉCTRICA,37400,33,58,10101501
LIMA PLANA,36400,4,1,10101501
LIMPIADOR LCD,35100,23,40,10101501
LIMPIADORES DE CONTACTO,35100,29,1,10101501
LIMPIADORES DE ESPUMA,35100,29,1,10101501
LLANTAS,34400,4,1,10101501
LLAVE DE CHORRO,36100,4,1,10101501
LLAVEROS PARA MERCHANDISING,33300,4,71,10101501
LLAVIN,36930,4,58,10101501
LOPERAMIDA,35210,4,1,10101501
MACHETE,36400,4,1,10101501
MADERA,31500,35,159,10101501
MALETIN,32310,4,1,10101501
MALLA DE ASBESTO PARA ARO,39520,4,1,10101501
MANDILES DE PLÁSTICO,35800,4,1,10101501
MANGO PARA ESPEJO,39550,4,1,10101501
MANGUERAS,34300,4,1,10101501
MANO DE OBRA NO CALIFICADA APOYO LOGISTICO EVENTOS VARIOS,12200,30,1,10101501
MANO DE OBRA NO CALIFICADA CONSTRUCCION DE OBRAS O MEJORAS,12200,30,1,10101501
MANO DE OBRA NO CALIFICADA LABORES DE ASEO,12200,30,1,10101501
MANO DE OBRA NO CALIFICADA MANTENIMIENTO AREA VERDE,12200,30,1,10101501
MANO DE OBRA NO CALIFICADA REPARACIONES VARIAS EDIFICIOS,12200,30,1,10101501
MANOMETRO,39520,4,37,41103311
MANTA CALEFACTORA CON SDC DIGITAL,42430,4,1,10101501
MANTENIMIENTO CORRECTIVO DE UPS,23390,4,116,10101501
MANTENIMIENTO DE BALANZA,23390,4,132,10101501
MANTENIMIENTO DE CAMPANA DE GAS,23390,4,131,10101501
MANTENIMIENTO DE MOTOR DE LANCHA,23390,4,176,10101501
Mantenimiento de oficinas,23100,4,47,10101501
MANTENIMIENTO PREVENTIVO Y CORRECTIVO DE AIREADORES (BLOWERS),23390,4,1,10101501
MANTENIMIENTO PREVENTIVO Y CORRECTIVO DE EQUIPOS DE PRODUCCION,23310,4,1,10101501
MANTENIMIENTO PREVENTIVO Y CORRECTIVO DE MAQUINAS PARA FUMIGAR,23390,4,1,10101501
MANTENIMIENTO PREVENTIVO Y CORRECTIVO DE MAQUINAS PODADORAS,23390,4,1,10101501
MANTENIMIENTO PREVENTIVO Y CORRECTIVO DE TANQUES DE CULTIVO DE PECES,23390,4,1,10101501
MANTENIMIENTO PREVENTIVO Y CORRECTIVO DE VEHICULOS,23200,4,1,10101501
MANTENIMIENTO PREVENTIVO Y CORRECTIVO DEL POZO,23390,4,1,10101501
MANTENIMIENTO PREVENTIVO Y CORRECTIVO DEL POZO,23390,4,1,10101501
MANTENIMIENTO PREVENTIVO Y CORRECTIVO DEL SILLON ODONTOLOGICO,23390,4,1,10101501
MANTENIMIENTO PREVENTIVO Y CORRECTIVO DEL SISTEMA DE RECIRCULACION DE AGUA,23390,4,1,10101501
MANTENIMIENTO PREVENTIVO Y CORRECTIVO DEL SISTEMA ELECTRICO,23390,4,1,10101501
MANTENIMIENTO PREVENTIVO Y/O CORRECTIVO DE UNIDAD DE AIRE ACONDICIONADO,23360,4,1,10101501
MANTENIMIENTO Y REPARACION DE AULAS Y LABORATORIOS,23100,4,1,10101501
"MAQUETAS TRES D, SISTEMA REPRODUCTOR",42710,4,1,10101501
"MAQUINA PARA INFLAR GLOBOS, ELECTRICA",42800,4,95,10101501
MAQUINA PARA LAMINAR,42120,4,64,10101501
MARACA,42720,4,1,10101501
MARCADOR RESALTADOR,39200,4,3,10101501
MARCADORES ACRILICOS (PARA PIZARRA),39200,4,1,10101501
MARCADORES PERMANENTES,39200,4,1,10101501
MASCARILLA QUIRÚRGICA,39510,24,1,10101501
MASKINGTAPE,39200,39,1,10101501
MATENIMIENTO PREVENTIVO Y CORRECTIVO EQUIPO TECNOLOGICO,23390,4,101,10101501
MATERIAL DE EMPAQUE AL VACÍO,35800,21,1,10101501
MECHA PARA TRAPEADOR,39100,4,1,10101501
MECHAS DE AUDIO TRIFÁSICO PARA CONSOLA/MICRÓFONO,39600,4,1,10101501
MECHERO BUSEN,39520,4,1,10101501
MECHEROS DE VIDRIO,39520,4,1,10101501
MEDALLA,25900,4,1,10101501
MEDIDOR DE CONDUCTIVIDAD TERMICA,42430,4,145,10101501
MEDIDOR DE OXIGENO,42430,4,1,10101501
MEMBRANAS DE MICROFILTRACIÓN,39520,24,1,10101501
MEMORIA EXTRAIBLE,39600,4,5,10101501
MEMORIA USB,39600,4,6,10101501
MEMORIAS RAM DDR3,39600,4,6,10101501
MERIENDA,29100,4,63,10101501
MESA,42110,4,1,10101501
MESA DE ACERO INOXIDABLE (PARA LABORATORIOS),42430,4,90,10101501
MESA DE FUERZA DE ALTA PRESICION,42430,4,90,10101501
MESA PICNIC PARA JARDIN CON BANCA INCORPORADA,42110,4,64,10101501
MESA PLEGABLE,42110,4,64,10101501
MESA TERMINAL,42110,4,1,10101501
METABISULFITO DE SODIO,35100,29,1,10101501
METRO (PARA MEDIR),36400,4,153,10101501
MEZCLADOR DE CONCRETO,42210,4,1,10101501
MEZCLADORA HORIZONTAL,42220,4,1,10101501
MICRÓFONOS,39600,4,1,10101501
MICROFONOS ALAMBRICOS,39600,4,125,10101501
MICROONDAS,42140,4,118,10101501
MICROORGANISMOS TERMÓFILOS,35100,21,1,10101501
MICROPIPETAS,39520,4,37,10101501
MICRORGANISMOS MESÓFILOS,35100,21,1,10101501
MICROSCOPIO,42430,4,1,10101501
MINIBAR,42140,4,118,10101501
MOCOSOLVE,35210,24,1,10101501
MODULARES PARA CAFETERIAS,42130,4,1,10101501
MOLDE DE METAL,39400,4,1,10101501
MOLIBDATO DE AMONIO,35100,29,1,10101501
MOLINO DE GRANO,42220,4,1,10101501
MOLINO DE GRANO SECO,42220,4,1,10101501
MOLINO PARA MAÍZ,42220,4,1,10101501
MONTACARGA,42340,4,1,10101501
MORTERO Y PISTILO,39520,4,1,10101501
MOTOCICLETA,42310,4,1,10101501
MOTOR DE AIRE ACONDICIONADO,42800,4,1,10101501
MOTOR PARA TANQUE ENFRIADOR,42800,4,1,10101501
"MOUSE ALAMBRICO, USB",39600,4,1,10101501
MOUSE OPTICO USB,39600,4,1,10101501
MOUSEPAD,39600,4,1,10101501
MUCOSOLVE,35210,4,1,10101501
MUEBLE MODULAR PARA OFICINA,42110,4,1,10101501
MUFA,39300,4,1,10101501
MULTIPARAMETROS CON SONDA DE 50 METROS,42430,4,90,10101501
MULTIPLICADOR DE TORQUE,36400,4,178,10101501
NAFTOL,35100,29,1,10101501
NAPROXENO,35210,24,1,10101501
NE555P IC 555 TEXAS INSTRUMENTS DIP-8 TIMER CHIP NE555,39600,4,1,10101501
NED (N-(1-NAFTIL) ETILENDIAMINA DICLORHIDRATO),35100,29,1,10101501
NED (N-(1-NAFTIL)ETILENDIAMINA DICLORHIDRATO C??H??CL?N?,35100,29,1,10101501
NEOBOL,35210,29,1,10101501
NET (NEGRO DE ERICOMO T) C20H12N3O7SNA EN POLVO,35100,29,1,10101501
NEVERA,42140,4,1,10101501
NITRATO DE CALCIO,35100,29,37,10101501
NITRATO DE PLATA AGNO3,35100,29,1,10101501
NITRATO DE POTASIO KNO3,35100,29,1,10101501
NITRITO DE SODIO,35100,29,1,10101501
NITRITO DE SODIO NANO2,35100,29,1,10101501
NITROPRUSIATO DE SODIO,35100,29,1,10101501
NITROPRUSIATO DE SODIO NA2 (FE(CN)5NO) .2H2O,35100,29,1,10101501
NYLON,35800,43,20,10101501
OASIS /DISPENSADOR DE AGUA,42140,4,118,10101501
OLLAS DE COCCIÓN,39400,4,1,10101501
OXALATO DE SODIO NA2C2O4,35100,29,1,10101501
PAGO DE PUBLICACION DE ARTICULO CIENTIFICO,25300,4,1,10101501
PAILAS PLÁSTICAS,35800,4,1,10101501
PALA,36400,4,178,27112004
PALILLOS DE MADERA,39520,24,1,10101501
PALO DE ESCOBA,39100,4,1,10101501
PALO PARA PINTAR,36930,4,58,10101501
PALO PARA TRAPEADOR,39100,4,1,10101501
PANDERETA,42720,4,1,10101501
PANELES EXPOSITIVOS,33300,4,1,10101501
PAPEL BOND T/C,33100,18,3,14111507
PAPEL BOND T/L,33100,18,3,10101501
PAPEL BOND T/O,33100,18,3,10101501
PAPEL BOND T/PLIEGO ROTAFOLIO,33100,4,3,10101501
PAPEL CARTULINA IRIS,33100,37,1,10101501
PAPEL CARTULINA LINO T/C,33100,18,1,10101501
PAPEL DE ALUMINIO,33100,39,1,10101501
PAPEL ENCERADO,33100,39,1,10101501
PAPEL ESPECIAL PARA IMPRIMIR PERGAMINO,33100,4,1,10101501
PAPEL IRIS,33100,4,1,10101501
PAPEL LENTE,33100,33,1,10101501
PAPEL PARA IMPRESORA DE CODIGO DE BARRA,33100,39,1,10101501
PAPEL PARA IMPRESORA DE RECIBOS,33100,39,1,10101501
PAPEL PARAFILM,33100,39,1,10101501
PAPEL STICKER,33100,18,1,10101501
PAPEL TOALLA,33100,39,1,10101501
PAPEL TRANSPARENTE PARA EMBALEJE,33100,39,1,10101501
PAPELILLO,33100,37,1,10101501
PARLANTE PORTATIL,42510,4,1,10101501
PARLANTES,42510,4,1,10101501
PASAJES AEREOS NACIONALES,26110,4,67,10101501
PASAJES AL EXTERIOR,26120,41,1,10101501
Pasajes nacionales,26110,41,1,10101501
PASTA TERMICA PARA PC,37400,4,98,10101501
PASTE VERDE,39100,4,1,10101501
PATCH CORD CABLE,39300,4,1,10101501
PEAJE,25900,4,2,10101501
"PECES, CRUSTACEOS Y MOLUSCOS VIVOS",31300,4,1,10101501
PEDESTALES CON BRAZO PARA DOS MICROFONOS,39600,4,1,10101501
PEGAMENTO DE BARRA,39200,4,1,10101501
PEGAMENTO PARA PISO CERAMICO Y PORCELANATO,37100,4,181,10101501
PEGAMENTO PARA PVC,36930,9,1,10101501
PEGAMENTO RESISTOL,35100,9,181,10101501
PENDAFLEX T/C,33100,24,1,10101501
PENDAFLEX T/O,33100,24,1,10101501
PENECTRÓMETRO,42430,4,1,10101501
PEPTOBISMOL,35210,29,1,10101501
PERCOLADORA,42140,4,1,10101501
PERFORADORA,39200,4,1,10101501
PERMANGANATO DE POTASIO,35100,29,1,10101501
PH-METRO DIGITAL,39520,4,1,10101501
PIE DE REY,39520,4,1,10101501
PIN CON LOGOTIPO,33300,4,1,10101501
PINES PARA PUERTA DE VIDRIO,36930,4,166,10101501
PINZA,39520,4,1,10101501
PINZAS PARA ALGODON,39550,4,1,10101501
PIPETAS,39520,4,1,10101501
PISTOLA SILICON,39200,4,1,10101501
PITCHER/RECIPIENTES MEDIDORES PARA LÍQUIDOS,39400,4,1,10101501
PIZARRA,42710,4,1,10101501
PIZARRA DE CRISTAL (VIDRIO),37200,4,91,10101501
PLACA  DE RECONOCIMIENTO DE VIDRIO,25900,4,1,10101501
PLACA  DE RECONOCIMIENTO VARIOS MATERIALES,25900,4,1,10101501
PLACA FIJA,39520,4,1,10101501
PLACAS DE PETRI,39520,24,1,10101501
PLACAS DE PRUEBA PARA LABORATORIO 3220 PUNTOS 240X210 MM EIC-108,39600,4,1,10101501
PLAFONES DE VINIL PARA CIELO FALSO,37100,4,1,10101501
PLANTA ELECTRICA,42270,4,1,10101501
PLATOS DESECHABLES,39400,33,24,10101501
Plus de coordinacion de carrera,11600,4,3,10101501
PLUVIÓMETRO,39520,4,88,10101501
PLYWOOD,31500,13,129,10101501
PORTA CARNET PLASTICO TRANSPARENTE,39200,4,3,10101501
PORTA CPU,39200,4,1,10101501
PORTA CPU,42110,4,64,10101501
PORTA ELECTRODO,39300,4,161,10101501
PORTA OBJETOS,39520,24,1,10101501
POST IT,33100,33,1,10101501
POSTER,33300,4,71,10101501
PRENSA,42800,4,1,10101501
PROBETA,39520,4,1,10101501
PROBIOTICOS,31200,2,1,10101501
Profesor permanente,11100,4,169,10101501
PROPS,33300,4,1,10101501
PROTEINA PARA PECES,31200,16,7,10101501
PROYECTOR,42510,4,1,10101501
PRUEBA RAPIDA MICROBIOLOGICA,35251,33,1,10101501
PUERTA ABATIBLE,37200,4,1,10101501
PUERTA DE VIDRIO,37200,4,1,10101501
PULIDORA,42800,4,1,10101501
PUNTAS PARA MICROPIPETA,39520,4,1,10101501
PUNTERO LASER,39600,4,1,10101501
PUPITRES,42710,4,1,10101501
"QUISTES DE ARTEMIA DE SIBERIA, TIPO POLVO",35100,11,1,10101501
RADIO DE COMUNICACIÓN,42510,4,1,10101501
RASPBERRY PI,39600,4,1,10101501
RASTRILLO,36400,4,1,10101501
REACTIVO DE KOVACS,35251,29,1,10101501
RECARGA PARA EXTINTORES,35100,11,1,10101501
RECOGEDOR DE BASURA,39100,4,1,10101501
RED DE VOLEIBOL,39800,4,1,10101501
RED PARA CAPTURA DE PECES,36400,4,1,10101501
RED PARA PESCA,36400,4,1,10101501
RED PARA RECOLECTAR PLACNTON,39520,4,1,10101501
REDECILLAS (COFIAS),32310,24,1,10101501
"REDUCCIONES DE (1 1/4"") A (1/2"")",36930,4,58,10101501
REDUCTOR DE PVC,35800,4,1,10101501
REFRACTOMETRO,42430,4,1,10101501
REFRESCO,31110,4,73,10101501
REFRIGERADORA,42140,4,1,10101501
REFRIGERADORA ESPECIAL PARA LABORATORIO,42430,4,1,10101501
REGLA,31500,15,1,10101501
REGLETAS ELECTRICAS,39300,4,1,10101501
REGULADOR DE BUCEO (DE DOS ETAPAS),39600,4,174,10101501
REGULADOR OCTOPUS (PARA BUCEO),39600,4,174,10101501
RELOJ BIOMÉTRICO,42120,4,6,10101501
REMOLQUE PARA LANCHA,42340,4,171,10101501
Reserva presupuestaria proyectos,25900,4,1,10101501
RODOS,36930,4,1,10101501
RODOS METALICO,36100,4,1,10101501
ROTOMARTILLO,42210,4,1,10101501
ROTULOS PVC,33300,4,71,10101501
ROUTER,42510,4,1,10101501
RUPATADINA,35210,24,1,10101501
SACAGRAPAS,39200,4,1,10101501
SACAROSA C12H22O11,35100,29,1,10101501
SALINÓMETRO,42430,4,88,10101501
SEGUETA,36400,4,1,10101501
SELLADOR PARA MADERA,35500,9,69,31211704
SELLO,39200,4,1,10101501
SEMILLA DE MORRO,31200,16,1,10101501
SEPARADORES,33100,4,1,10101501
SERVICIO DE ENMARCADO,25900,4,119,10101501
SERVICIO DE LAMINADO,25300,4,97,10101501
SERVICIO DE LAVADO Y PLANCHADO DE TOGAS,25900,4,120,10101501
SERVICIOS DE CAPACITACION,24500,4,96,10101501
SERVICIOS DE FUMIGACION,23500,4,137,10101501
SERVICIOS DE IMPRESION,25300,4,71,10101501
SERVICIOS DE MICROPERFORADO,33300,4,71,10101501
SERVILLETAS,33100,33,1,10101501
SET DE 4 RECIPIENTES,39400,4,1,10101501
SET DE COLORACION DE GRAM,35251,29,1,10101501
SET DE DIAPASON,39520,40,138,10101501
SIERRA,42260,4,1,10101501
SIERRA DE BANCO,42260,4,1,10101501
SIFON,36100,4,158,10101501
SILICA GEL,35100,3,1,10101501
SILICON PARA MOCHILAS DE FUMIGACION (SERVICIOS GENERALES),35100,4,181,10101501
SILICON PINTABLE (SERVICIOS GENERALES),35100,4,181,12141911
SILLA DE ESPERA,42110,4,1,10101501
SILLA EJECUTIVA,42110,4,1,10101501
SILLA SEMI EJECUTIVA,42110,4,1,10101501
SISTEMA DE CONTROL DE MANEJO DE LANCHAS,39600,4,174,10101501
SISTEMA DE FILTRADO DE AGUA,42230,4,170,10101501
SISTEMA DE PRESION DE AGUA,42230,4,170,10101501
SN74HC00N 74HC00N IC QUAD 2-INPUT NAND GATE 14-DIP,39600,4,1,10101501
SOBRES BLANCOS,33100,4,1,10101501
SOBRES MANILA EXTRAGRANDE,33100,4,1,10101501
SOBRES MANILA T/C,33100,4,1,10101501
SOBRES MANILA T/O,33100,4,1,10101501
"SOLICITUD DE CHEQUERA, CONSTANCIAS BANCARIAS",25500,4,1,10101501
SOLUCION DE BIURET,35251,29,1,10101501
SOLUCION DE EDTA,35251,29,1,10101501
SOMBREROS,32300,4,1,10101501
SOPLADORA /ASPIRADORA,42800,4,95,10101501
SOPORTE TV,36100,4,142,10101501
SOPORTE UNIVERSAL,39520,4,1,10101501
SORGO,31200,16,1,10101501
SPOTS PUBLICITARIOS EN MEDIOS REGIONALES,25600,4,133,10101501
STAN PUBLICITARIO PLEGABLE,33300,4,71,10101501
STAND DOBLE (PARA TECLADO MUSICAL),39600,4,124,10101501
STICKER,33300,4,71,10101501
SUDAGRIP,35210,24,1,10101501
SULFANILAMIDA,35100,29,1,10101501
SULFATO DE AMONIO,35100,29,1,10101501
SULFATO DE HIDRACINA,35100,29,1,10101501
SULFATO DE MANGANESO MNSO?,35100,29,1,10101501
SULFATO DE MERCURIO,35100,29,1,10101501
SULFATO DE MERCURIO HGSO4,35100,29,1,10101501
SULFATO DE PLATA,35100,29,1,10101501
SULFATO FERROSO AMÓNICO (NH?)?FE(SO?)?·6H?O,35100,29,1,10101501
SUMADORA,42120,4,1,10101501
SUPERVISIÓN CONTRUCCIONES Y MEJORAS,47120,4,1,10101501
SWICH,42510,4,1,10101501
TABLA PARA CORTAR,31500,4,1,10101501
TABLA YESO,37100,13,1,10101501
TABLAS PARA ESCRITURA BAJO EL AGUA,39800,4,82,10101501
TABLAS PARA NATACION,39800,4,1,10101501
TABLERO TACTICO,39800,4,1,10101501
TABLEROS,39200,4,1,10101501
TABLEROS MDF PERFORADOS DE 1.2 m X 2.4 m,31500,4,93,10101501
TACO FISHER,36930,4,1,10101501
TALADRO,42800,4,1,10101501
TANQUE DE ALMACENAMIENTO DE AGUA,35800,4,17,10101501
TANQUE DE GEOMEMBRANA (POLIETILENO),35800,4,17,10101501
TANQUE PARA EQUIPO DE BUCEO,36100,4,1,24111802
TAPA CARGA DE LONA,35800,4,180,10101501
TAPADERAS CIEGAS METALICAS,39300,4,1,10101501
TAPAGOTERAS,35100,4,181,10101501
TAPAS DE CONEXIÓN DOBLE CON JACK CAT6 RJ45,39600,4,1,10101501
TAPE TRANSPARENTE,39200,39,1,10101501
TAPETE ANTISALPICADURAS PARA URINARIOS,39100,4,152,10101501
TAPON DE PVC,35800,4,1,10101501
TAPONES,35800,4,1,10101501
TARIFA DE INSCRIPCION PARA PARTICIPAR EN CONGRESO CIENTIFICO,24500,4,1,10101501
TARRO DE VIDRIO,37200,4,1,10101501
TARTRATO DE ANTIMONIO Y POTASIO,35100,29,1,10101501
TARTRATO DE ANTIMONIO Y POTASIO K2SB2C8H4O12· 3 H2O,35100,29,1,10101501
TARTRATO DE SODIO,35100,29,1,10101501
TAZAS CON LOGOTIPO,33300,4,1,10101501
TAZAS DE PORCELANA,39400,4,121,10101501
TE DE PVC,35800,4,1,10101501
TE EN POLVO,31110,4,19,10101501
TECLADO DE 61 TECLAS (PARA MUSICA),42720,4,123,10101501
TECLADO USB,39600,4,1,10101501
TEE (CRUCERO) CIELO FALSO,36100,4,124,10101501
TEFLON,36930,39,1,10101501
TELA PARA LIENZO,32100,43,1,10101501
TELEFONO,42510,4,1,10101501
TELEVISOR,42510,4,1,10101501
TENAZA,36400,4,1,10101501
TENEDORES ACERO INOXIDABLE,39400,27,121,10101501
TENEDORES DESECHABLES,39400,33,24,10101501
TERMOMETRO,42430,4,90,10101501
TERMOREACTOR,42430,4,1,10101501
TERRENO DOMINIO PRIVADO,41110,13,1,10101501
TERRENO DOMINIO PUBLICO,41120,13,1,10101501
TIERRA DE ABONO,37800,14,1,10101501
TIJERAS,39200,4,1,10101501
TIKETS MOVILIDAD INTERNA PAIS DE DESTINO,25900,4,1,10101501
TIMBRES,33700,4,143,10101501
TINA PLASTICA,35800,4,1,10101501
TINTA AMARILLA FLUJO CONTINUO,39600,4,1,10101501
TINTA AMARILLA TÓNER HP (CE412A),39600,4,1,10101501
TINTA CYAN FLUJO CONTINUO,39600,4,1,10101501
TINTA CYAN TÓNER HP (CE411A),39600,4,1,10101501
TINTA MAGENTA FLUJO CONTINUO,39600,4,1,10101501
TINTA MAGENTA TÓNER HP (CE413A),39600,4,1,10101501
TINTA NEGRA FLUJO CONTINUO,39600,4,1,10101501
TINTA NEGRA TÓNER HP (CE410A),39600,4,1,10101501
TINTA PARA ALMOHADILLA,39200,23,1,10101501
TIOSULFATO DE SODIO,35100,29,1,10101501
TIRO PARA VEHICULO,39600,4,174,20102307
TOALLA AMARILLA DE MICROFIBRA (FRANELA),39100,4,1,10101501
TOALLAS SANITARIAS,33100,33,1,10101501
TOKEN,25500,4,169,10101501
TOLDO PARA PATIOS,36930,4,89,10101501
TOLUENO,35100,29,1,10101501
TOMACORRIENTE,39300,4,1,10101501
Tóner HP,39600,4,168,10101501
TONNER COPIADORA KIOSERA,39600,4,1,10101501
TOPES (PATITA) PARA PUERTA DE VIDRIO,39600,4,167,10101501
TORNILLO,36930,4,1,10101501
TOTEM PUBLICITARIO,33300,4,71,10101501
TRAJE DE BUCEO,39800,4,1,10101501
TRAJE DESECHABLE PARA FUMIGAR,32300,4,1,10101501
TRAJE DESECHABLE PARA FUMIGAR,32310,4,1,10101501
TRAJE PARA CUADRO DE DANZA MODERNA,32310,4,1,10101501
TRAJES PARA CUADRO DE DANZA FOLKLORICA,32310,4,1,10101501
TRAJES PARA GRUPO DE TEATRO,32310,4,1,10101501
TRANFER,42270,4,1,10101501
"TRANSISTORES NPN, PNP 15 VALORES",39600,4,1,10101501
Treceavo mes,11510,4,3,10101501
TRICLOROMETANO,35100,29,1,10101501
TRIPA SINTETICA PARA EMBUTIDOS,31110,21,1,10101501
Tripode,39600,4,5,10101501
TROFEOS,25900,4,1,10101501
TSA MEDIO DE CULTIVO,35100,29,1,10101501
TUBERIA CONDUIT EMT,36100,10,1,39131719
TUBERIA DE PVC,35800,10,1,10101501
TUBO DE DESPRENDIMIENTO,39520,4,1,10101501
TUBO HG,36100,10,163,10101501
TUBO LED,39300,4,1,10101501
TUBOS DE ENSAYO,39520,4,1,10101501
UNIFORMES DEPORTIVOS,32310,4,1,10101501
UNION UNIVERSAL DE PVC,35800,4,1,10101501
URINARIO,37100,4,1,10101501
USB BITSCOPE 10. ANALIZADOR LÓGICO.,42900,4,1,10101501
VALLAS DE ENTRENAMIENTO,39800,4,1,10101501
VALVULAS METALICAS,36100,4,1,10101501
VALVULAS PVC,35800,4,1,10101501
VARILLA CORRUGADA,36100,15,156,10101501
VARILLA DE COBRE,39300,4,1,10101501
VARILLA LISA,36100,15,157,10101501
VARILLA PARA AGITADORES,39520,4,1,10101501
VASOS CÓNICOS,39400,33,1,10101501
VASOS DESECHABLES,39400,33,24,10101501
VASOS TERMICOS,39400,33,1,10101501
VENTANA DE VIDRIO,37200,4,1,10101501
VERDE DE BROMOCRESOL C21H14BR4O5S,35100,29,1,10101501
Viaticos al Exterior,26220,7,1,10101501
Viaticos Nacionales,26210,7,1,10101501
VIDEO BALUNS,39600,33,111,10101501
VIDRIO RELOJ,37200,4,1,10101501
VIOLIN,42720,4,1,10101501
VISADO PAIS NO COMUNITARIO,25900,4,1,10101501
VISADO PAIS NO COMUNITARIO,25900,4,1,10101501
WEB CAM,42510,4,115,10101501
XILOFONO,42720,4,1,10101501
YODO,35100,29,1,10101501
ZAPATOS,32400,34,126,10101501
ZEKRYA,39550,4,1,10101501
